{
  "ma_crossover": {
    "short_ma": 5,
    "long_ma": 30,
    "total_return": 0.01163090146912693
  },
  "rsi": {
    "rsi_period": 22,
    "total_return": 0.026011482293402777
  },
  "macd": {
    "macd_fast": 12,
    "macd_slow": 27,
    "macd_signal": 9,
    "total_return": 0.05560002446831258
  },
  "bollinger": {
    "bollinger_period": 22,
    "bollinger_stddev": 2.5,
    "total_return": 0.05389466995693637
  }
}