{
  "ma_crossover": {
    "short_ma": 10,
    "long_ma": 30,
    "total_return": 0.10452404978942098
  },
  "rsi": {
    "rsi_period": 22,
    "total_return": 0.026011482293402777
  },
  "macd": {
    "macd_fast": 12,
    "macd_slow": 27,
    "macd_signal": 9,
    "total_return": 0.05589774816711501
  },
  "bollinger": {
    "bollinger_period": 22,
    "bollinger_stddev": 2.5,
    "total_return": 0.05366740853246743
  }
}