{
  "ma_crossover": {
    "short_ma": 5,
    "long_ma": 30,
    "total_return": 0.010504747738958486
  },
  "rsi": {
    "rsi_period": 22,
    "total_return": 0.04418282166481624
  },
  "macd": {
    "macd_fast": 10,
    "macd_slow": 27,
    "macd_signal": 11,
    "total_return": 0.050697819058821425
  },
  "bollinger": {
    "bollinger_period": 22,
    "bollinger_stddev": 2.5,
    "total_return": 0.05390619060471569
  }
}