{
  "model_type": "ensemble",
  "models": [
    "rf",
    "xgb",
    "lgb"
  ],
  "feature_names": [
    "bb_upper",
    "bb_lower",
    "range_position",
    "price_vs_ema200",
    "atr_14",
    "drawdown_pct",
    "bb_width",
    "trend_strength",
    "macd_signal",
    "volume_ratio",
    "price_vs_ema50",
    "macd_line",
    "rsi_14",
    "price_vs_ema20",
    "hourly_return",
    "daily_range_position"
  ],
  "individual_accuracies": {
    "rf": 0.66728280961183,
    "xgb": 0.6515711645101664,
    "lgb": 0.6571164510166358
  },
  "ensemble_accuracy": 0.6524953789279113,
  "performance_metrics": {
    "individual_accuracies": {
      "rf": 0.66728280961183,
      "xgb": 0.6515711645101664,
      "lgb": 0.6571164510166358
    },
    "validation_accuracies": {
      "rf": 0.6404805914972274,
      "xgb": 0.6423290203327172,
      "lgb": 0.6349353049907579
    },
    "ensemble_test_accuracy": 0.6524953789279113,
    "test_metrics": {
      "accuracy": 0.6524953789279113
    },
    "cv_mean": 0.658656808379544,
    "cv_std": 0.006506072730111785
  },
  "trained_at": "2026-02-22T18:20:29.716794"
}